/*
Navicat MySQL Data Transfer

Source Server         : websit_remote
Source Server Version : 50158
Source Host           : 59.188.23.20:3306
Source Database       : obtdb

Target Server Type    : MYSQL
Target Server Version : 50158
File Encoding         : 65001

Date: 2015-09-17 14:39:02
*/

SET FOREIGN_KEY_CHECKS=0;

-- ----------------------------
-- Table structure for t_article
-- ----------------------------
DROP TABLE IF EXISTS `t_article`;
CREATE TABLE `t_article` (
  `art_id` int(10) unsigned NOT NULL AUTO_INCREMENT,
  `art_title` varchar(100) NOT NULL,
  `art_author` varchar(20) DEFAULT NULL,
  `art_from` varchar(50) DEFAULT NULL,
  `art_content` text NOT NULL,
  `art_description` text,
  `art_image` varchar(100) DEFAULT NULL,
  `art_date` datetime NOT NULL,
  `art_click` int(11) DEFAULT NULL,
  `istop` tinyint(1) DEFAULT NULL,
  `iscommend` tinyint(1) DEFAULT NULL,
  `ac_id` int(11) NOT NULL,
  PRIMARY KEY (`art_id`)
) ENGINE=MyISAM AUTO_INCREMENT=16 DEFAULT CHARSET=utf8;

-- ----------------------------
-- Records of t_article
-- ----------------------------
INSERT INTO `t_article` VALUES ('1', 'ORBITA new factory under construction', 'Tim', '', '<p>\r\n <span style=\"font-size: 16px\"><span lang=\"EN-US\" style=\"font-family: Arial; color: rgb(34,34,34)\">After years of study and investigation, ORBITA finally located its new factory in </span></span><span lang=\"EN-US\" style=\"font-family: Arial; color: #222222; font-size: 9pt\"><st1:place w:st=\"on\"><st1:city w:st=\"on\"><span style=\"font-size: 16px\">Huiyang</span></st1:city><span style=\"font-size: 16px\">, </span><st1:state w:st=\"on\"><span style=\"font-size: 16px\">Guangdong</span></st1:state></st1:place><span style=\"font-size: 16px\"> province. The well designed brand new factory occupied a land of around 45000 sqm including offices, metal, plastic mould processing workshop, punching workshop, plastic injection workshop, polishing and painting workshop, raw material warehouse, semi-products and spare parts warehouse, final products warehouse, dormitory etc. The green garden factory includes three&nbsp;separate areas: office area, production area and&nbsp;living area which was designed to meet the working and living facility of 1000 staff. </span><o:p></o:p></span></p>\r\n<p>\r\n <span style=\"font-size: 16px\"><span lang=\"EN-US\" style=\"font-family: Arial; color: rgb(34,34,34)\">Brand new production lines for hotel card lock, hotel in room safes, hotel minibar and other&nbsp;ORBITA series of products are under construction which will be ready for trial production in the end of July,2014.</span></span><span lang=\"EN-US\" style=\"font-family: Arial; color: #222222; font-size: 9pt\"><o:p></o:p></span></p>\r\n<p>\r\n <span style=\"font-size: 16px\"><span lang=\"EN-US\" style=\"font-family: Arial; color: rgb(34,34,34)\">ORBTITA has been in hotel&nbsp;lock, safe, minibar industry more than 10 years&nbsp;offering its products to more than 10,000 hotels covering over 100 countries worldwide. Its brand has been recognized by customers and partners. The big production facility together with&nbsp;ORBITA R&amp;D. and management team operated under ISO9001/2008&nbsp; ensure good quality and service up to customers&#39; extreme satisfaction. We&nbsp;&nbsp;welcome OEM, ODM partners as well.</span></span><span lang=\"EN-US\" style=\"font-family: Arial; color: #222222; font-size: 9pt\"><o:p></o:p></span></p>\r\n<p>\r\n <span style=\"font-size: 16px\"><span lang=\"EN-US\" style=\"font-family: Arial; color: rgb(34,34,34)\">The new ORBITA&nbsp;factory construction opens a new epoch in ORBITA history. we produce what we expertise in. We believe we can.</span></span><span lang=\"EN-US\" style=\"font-family: Arial; color: #222222; font-size: 9pt\"><o:p></o:p></span></p>\r\n', 'ORBITA 45000 sqm new factory under consctruction, welcome international partners', '/UploadFiles/images/NewsImages/company.jpg', '2014-05-13 11:09:22', '1794', '0', '0', '1');
INSERT INTO `t_article` VALUES ('2', 'ORBITA signed strategic contract with Erawan ', 'tim', 'ORBITA thailand', '<p>\r\n	<span style=\"font-size:16px;\"><span style=\"font-family:arial;\">ORBITA defeated its international and domestic competitors bidding for Erawan company&#39;s group of hotels and won the strategic agreement to offer all ORBITA hotel locks. In the year of 2014, ORBITA locks will be installed to its&nbsp; 10 hotels including Ibis and hope inn. At the moment, Erawan is the only Partner for Ibis chain hotels in thailand.</span></span></p>\r\n', 'ORBITA TIES ERAWAN THAILAND', '/UploadFiles/images/NewsImages/ibis.jpg', '2014-05-13 18:18:04', '1635', '0', '0', '2');
INSERT INTO `t_article` VALUES ('4', 'ORBITA released new Logo', 'Tim Shu', '', '<p><img alt=\"\" src=\"/UploadFiles/images/NewsImages/orbita_logo.jpg\" width=\"150\" /></p>\r\n<p><span style=\"font-size:16px;\"><span style=\"font-family:arial;\">ORBITA released new logo and trademark. Inspired from the traditional pad lock and the letter&nbsp;characteristics, the designer harmonized ORBITA&#39;s main product features&nbsp;and fashion elements to&nbsp;its international visual identity.The new Visual Identity system will unify&nbsp;ORBITA &#39;s visual image&nbsp;not only in&nbsp;ORBITA internal admininstration, but also in&nbsp;customer&#39;s&nbsp;mind via products, international media &amp; exhibition&nbsp;.&nbsp;</span></span></p>\r\n', 'ORBITA released new Logo', '/UploadFiles/images/NewsImages/orbita_logo.jpg', '2014-06-26 17:10:38', '1452', '0', '0', '1');
INSERT INTO `t_article` VALUES ('5', 'ORBITA won 4000 room hotel projects ', 'Tim Shu', '', '<p>\r\n	<span style=\"font-size:16px;\"><span style=\"font-family:arial;\">In the beginning of June,2014, Safwa Hotel Group and ORBITA fanilized the talks for purchaing&nbsp; aproximately 4000 pcs of ORBITA&nbsp;locks and accessories for its on building hotel projects in Saudi Arabia. These locks will be&nbsp;installed in&nbsp;two new hotel projects in Safwa group with around 2000 rooms each&nbsp;which will become a landmark in local area.&nbsp;However, it is not the first time that ORBITA works with&nbsp;Safwa. In two of Safwa&#39;s old hotel projects, ORBITA locks have been running well since past 5 years. Good quality&nbsp;plus in time service at affordable price made ORBITA stand out of numerous&nbsp;domestic and international competitors and&nbsp;finally&nbsp;win the projects.</span></span></p>\r\n', 'ORBITA won 4000 room hotel projects in Saudi Arabia.', '', '2014-06-27 10:12:49', '1859', '0', '0', '2');
INSERT INTO `t_article` VALUES ('6', 'ORBITA signed strategic contract in vietnam', 'Tim', '', '<p>\r\n	After several times meeting, a famous Vietnam local hotel chain and ORBITA finally reached an agreement for strategic cooperation. According to the agreement, ORBITA will supply to this hotel chain around 2500 locks for its 5 newly built hotels in 2014 and average 3000 locks every year after 2014. Most of the locks will be used in 4 or 5 star hotels with around 500 rooms each covering the major cities in Vietnam.</p>\r\n', 'orbita signed strategic contract with a vietnam hotel chain', '', '2014-07-28 10:19:57', '1445', '0', '0', '2');
INSERT INTO `t_article` VALUES ('7', 'ORBITA lock passed BHMA&UL test', 'Tim', '', '<p>\r\n	ORBITA finally got the compliance report for ANSI BHMA A156.13-2012 and UL1034 test after 6 months of continuous test in Intertek Guangzhou Lab.</p>\r\n<p>\r\n	&nbsp;</p>\r\n<p>\r\n	The test was conducted by intertek which is one of the most famous international industrial product test lab. The full test was done strictly according to ANSI BHMA A156.13 which was also considered as American Military products testing standard. UL1034 is actually the UL testing standard for electronic locks.</p>\r\n<p>\r\n	&nbsp;</p>\r\n<p>\r\n	The full test includes operation test, circling test, strength test, material evaluation test, security test, etc. Among all the tests, the circling test is the most difficult one which blocked 95% of the lock manufacturers. However, ORBITA lock remained good condition after 800,000 times circling test and we are optimistic that ORBITA lock can exceed one million circles if we continue the test.</p>\r\n<p>\r\n	Let us imagine, for a normal hotel room, it opens and close average 30 times a days supposing that it is rented 365 days a year, ORBITA lock can run at least 73 years!</p>\r\n<p>\r\n	&nbsp;</p>\r\n<p>\r\n	Thanks to customers&rsquo; suggestion and more than 15 years of experience in hotel card lock industry,ORBITA is able to pass the American test and bring more confidence to our customers. However, ORBITA team believes there is nothing perfect but there always leaves some room for improvement. ORBITA will never stop improving but work harder to produce better products.</p>\r\n', ' ORBITA LOCK PASSED ANSI BHMA A 156.13-2012 & UL1034 TEST', '', '2014-07-28 10:19:27', '1883', '0', '0', '1');
INSERT INTO `t_article` VALUES ('9', 'ORBITA PRESENTS AT DUBAI HOTEL SHOW 2014', 'Tim', '', '<p>\r\n	<span style=\"font-size:16px;\">ORBITA attended the 2014 Dubai hotel show opened from Oct.28,2014 until Oct.30,2014.</span></p>\r\n<p>\r\n	<img alt=\"\" src=\"/UploadFiles/images/NewsImages/canzhan.png\" style=\"width: 250px; height: 223px;\" /></p>\r\n<p>\r\n	<span style=\"font-size:16px;\">It had been the 5<sup>th</sup> time that ORBITA attends DUBAI hotel show. However, it was the first time that ORBITA presented its image with new Visual Identity. Several new products shown in the finely decorated booth attracted quite a lot of professional distributors and dealers including the exhibitors of the same industry from Gulf area. Many of our old customers and partners paid special visits to meet ORBITA team at our booth. More over, ORBITA got around 50 potential hotel and service apartment customer inquiries.</span></p>\r\n<p>\r\n	<span style=\"font-size:16px;\">ORBITA will attend DUBAI hotel show again as well as other hotel shows in Middle East area to improve our image and follow the expansion pace of ORBITA new factory.</span></p>\r\n', 'ORBITA attended the 2014 Dubai hotel show opened from Oct.28,2014 until Oct.30,2014', '/UploadFiles/images/NewsImages/canzhan.png', '2014-10-05 17:32:31', '2434', '0', '0', '2');
INSERT INTO `t_article` VALUES ('10', 'Welcome Spanish Lock Expert', 'Tim', '', '<p>\r\n &nbsp; <span style=\"font-size: 16px\">ORBITA welcome&nbsp;Spanish lock expert&nbsp;to Join ORBITA Huizhou factory.</span></p>\r\n<p>\r\n <span style=\"font-size: 16px\">He&nbsp;is of Spanish nationality and used to work in Tesa &amp; Onity H.O. Spain for more than 6 years with solid marketing and technical background. He also worked in a few more companies as Purchasing Director and CEO. His new position in ORBITA Huizhou is vice president of Marketing. His accession to ORBITA group of companies will be helpful to improve ORBITA product quality and increase the market share in international market.</span></p>\r\n<p>\r\n <span style=\"font-size: 16px\">ORBITA, together with its multi-nation team opens a new epoch to its process of internationalization. </span></p>\r\n', 'ORBIA welcome Spanish Lock Expert to Join ORBITA Huizhou factory.', '', '2014-11-26 11:04:56', '2452', '0', '0', '1');
INSERT INTO `t_article` VALUES ('11', 'ORBITA released new lock model E4031', '', '', '<p>\r\n	<img class=\"p_image\" id=\"ctl00_ContentPlaceHolder2_imgProd\" src=\"http://www.orbitatech.com/UploadFiles/images/RfMifare/E4031.jpg\" style=\"border-right-width: 0px; border-top-width: 0px; border-bottom-width: 0px; border-left-width: 0px\" /></p>\r\n<p>\r\n	<span style=\"font-size:16px;\">After about 2 year hardworking of&nbsp;our R&amp;D team, ORBITA finally released it is new model lock E4031.</span></p>\r\n<p>\r\n	<span style=\"font-size:16px;\">The lock model E4031 is atually an update of our lock model E3031 which was the first LCD card lock in the hotel lock industry. The&nbsp;&nbsp;technical difficulty for LCD lock is power control which has blocked most of our competitors from copying the same. However, ORBITA R&amp;D team successfully&nbsp;overcome the technical difficulty and&nbsp;decreased&nbsp;both dynamic and static power consumption to the minimum. Comparing&nbsp;with traditional non-lcd locks, the extra power consumption can be ignored.</span></p>\r\n<p>\r\n	<span style=\"font-size:16px;\">E4031 lock stresses its&nbsp;fashionable, technological and intelligent&nbsp;features as well as its practical function. The flat stainless steel panel and handle with BHMA standard ANSI mortise,&nbsp; black organic glass&nbsp;induction area, blue backgroup LCD, WELCOME upon room card approach,&nbsp;real time date &amp; time, popping up text notice etc. have made this lock another unique design.</span></p>\r\n', 'ORBITA released new lock model E4031', 'UploadFiles/images/RfMifare/E4031.jpg', '2015-06-09 15:20:05', '2573', '0', '0', '2');
INSERT INTO `t_article` VALUES ('12', 'ORBITA SHAKES HANDS WITH NORDIC GROUP', 'Tim', '', '<p>\r\n	<span style=\"font-size:16px;\">After the trial use in several projects, ORBITA Din standard Eu lock model has been recognized as the appointed hotel lock brand for all NORDIC hotel chain throughout Europe. However, the first few trial projects were all in Germany where the highest quality standard in the world adapted. Both Nordic and Orbita are optimistic about the cooperation in the coming years. Hopefully, we are able to cover more Nordic hotels in the world market soon.</span></p>\r\n', 'ORBITA SHAKES HANDS WITH NORDIC GROUP', '/UploadFiles/images/NewsImages/nordic_hotels.jpg', '2015-06-09 15:33:54', '648', '0', '0', '2');
INSERT INTO `t_article` VALUES ('13', '2000-ROOM UK DOMITARY PROJECTS', 'Tim', '', '<p>\r\n	<img alt=\"\" height=\"320\" src=\"/UploadFiles/images/RfMifare/E3041.jpg\" width=\"320\" /></p>\r\n<p>\r\n	<span style=\"font-size:16px;\">U.K. market is quite a difficult market for most Chinese manufactures in this industry because of the high quality standard requirement; moreover, U.K. has quite a lot of manufactures of electronic locks. Despite the above fact, ORBITA lock won the bid for the second stage of 1560-room dormitory projects again after the first trial use in a 500-room university dormitory project. These dormitory projects cover many cities all over U.K. including London, Liverpool, Leeds, Sheffield etc. ORBITA will send our engineer team there to offer necessary training and guide the installation. Besides the quality, the efficient service has positive impact on ORBITA brand. More dormitory projects will come up soon by the joint effort of both ORBITA head office and its U.K. partner.</span></p>\r\n', 'ORBITA LOCK CONTRACTED 2000-ROOM UK DOMITARY PROJECTS', '/UploadFiles/images/RfMifare/E3041.jpg', '2015-06-24 09:48:52', '942', '0', '0', '2');
INSERT INTO `t_article` VALUES ('14', 'ORBITA cooperated with DOMETIC for Warwick Hotel Doha', 'Tim', '', '<p>\r\n	<img alt=\"\" src=\"/UploadFiles/images/NewsImages/hotel150724.png\" style=\"width: 319px; height: 318px;\" /></p>\r\n<p>\r\n	<span style=\"font-size:16px;\">Warwick is a 5 star hotel chain with at least 10 hotels in Middle East area. Warwick Doha previously installed a Spanish brand proximity locks. However, continuous complains come from the hotel management due to the instability of the electronics and incompatibility with Opera. Dometic Middle East, one of ORBITA&rsquo; s partners proposed ORBITA lock as the replacement. By the joint efforts of Dometic Middle East and ORBITA HO, the 174 room locks were all replaced with brand new ORBITA electronics including motherboards, software and Wireless Portable Programmer. The new electronics completely solved the previous problems and terminated all complains. The new software compatible with Opera and the unique ORBITA wireless portable programmer has brought the extreme conveniences to the hotel management. The whole job did not touch anything of the door carpentry; we saved a lot of labor cost for our customer as well as their doors. To bring the added value to our customer and partners is the source of pride of ORBITA team.</span></p>\r\n', 'ORBITA cooperated with DOMETIC for Warwick Hotel Doha', '/UploadFiles/images/NewsImages/hotel150724.png', '2015-07-24 14:47:39', '629', '0', '0', '2');
INSERT INTO `t_article` VALUES ('15', 'Marriot Sydney Harbor installed ORBITA lock', 'Tim', '', '<p>\r\n	<img alt=\"\" src=\"/UploadFiles/images/NewsImages/hotel1507241510.png\" style=\"width: 610px; height: 423px;\" /></p>\r\n<p>\r\n	<span style=\"font-size:16px;\">As one of the most recognizable international 5 star hotel chains in the world, Marriot has strict control of its vendors. ORBITA, by the efforts of ORBITA and our Australian partners, has successfully entered the vendor list of Marriot. Marriot Sydney enjoyed a extremely good location with walking distance to Sydney Opera House. All its 226 rooms are installed with ORBITA Eu model locks.</span></p>\r\n', 'Marriot Sydney Harbor installed ORBITA lock', '/UploadFiles/images/NewsImages/hotel1507241510.png', '2015-07-24 15:14:09', '693', '0', '0', '2');

-- ----------------------------
-- Table structure for t_articleclass
-- ----------------------------
DROP TABLE IF EXISTS `t_articleclass`;
CREATE TABLE `t_articleclass` (
  `ac_id` int(10) unsigned NOT NULL AUTO_INCREMENT,
  `ac_name` varchar(50) NOT NULL,
  `parent_id` int(11) DEFAULT NULL,
  `ac_order` int(11) NOT NULL DEFAULT '0',
  PRIMARY KEY (`ac_id`)
) ENGINE=MyISAM AUTO_INCREMENT=4 DEFAULT CHARSET=utf8;

-- ----------------------------
-- Records of t_articleclass
-- ----------------------------
INSERT INTO `t_articleclass` VALUES ('1', 'Company news', null, '1');
INSERT INTO `t_articleclass` VALUES ('2', 'marketing news', null, '2');
INSERT INTO `t_articleclass` VALUES ('3', 'industry news', null, '3');

-- ----------------------------
-- Table structure for t_product
-- ----------------------------
DROP TABLE IF EXISTS `t_product`;
CREATE TABLE `t_product` (
  `prod_id` int(10) unsigned NOT NULL AUTO_INCREMENT,
  `prod_name` varchar(50) NOT NULL,
  `prod_number` varchar(50) DEFAULT NULL,
  `prod_price` decimal(8,2) DEFAULT NULL,
  `prod_image` varchar(100) DEFAULT NULL,
  `prod_content` text NOT NULL,
  `prod_date` datetime NOT NULL,
  `prod_click` int(11) DEFAULT NULL,
  `istop` tinyint(1) DEFAULT NULL,
  `iscommend` tinyint(1) DEFAULT NULL,
  `pc_id` int(11) NOT NULL,
  PRIMARY KEY (`prod_id`)
) ENGINE=MyISAM AUTO_INCREMENT=332 DEFAULT CHARSET=utf8;

-- ----------------------------
-- Records of t_product
-- ----------------------------
INSERT INTO `t_product` VALUES ('231', 'E3111S', 'E3111S', '0.00', '/UploadFiles/images/RfMifare/E3111S.jpg', ' ', '2014-05-09 00:00:00', '407', '0', '0', '49');
INSERT INTO `t_product` VALUES ('284', 'E3011S', 'E3011S', '0.00', '/UploadFiles/images/RfMifare/E3011S.jpg', ' ', '2014-05-12 00:00:00', '77', '0', '0', '49');
INSERT INTO `t_product` VALUES ('285', 'E3180S', 'E3180S', '0.00', '/UploadFiles/images/RfMifare/E3180S.jpg', ' ', '2014-05-12 00:00:00', '2772', '0', '1', '49');
INSERT INTO `t_product` VALUES ('286', 'E3080S', 'E3080S', '0.00', '/UploadFiles/images/RfMifare/E3080S.jpg', ' ', '2014-05-12 00:00:00', '2914', '0', '1', '49');
INSERT INTO `t_product` VALUES ('287', 'E3110S', 'E3110S', '0.00', '/UploadFiles/images/RfMifare/E3110S.jpg', ' ', '2014-05-12 00:00:00', '2998', '0', '1', '49');
INSERT INTO `t_product` VALUES ('288', 'E3010S', 'E3010S', '0.00', '/UploadFiles/images/RfMifare/E3010S.jpg', ' ', '2014-05-12 00:00:00', '3546', '0', '1', '49');
INSERT INTO `t_product` VALUES ('289', 'E3330G', 'E3330G', '0.00', '/UploadFiles/images/RfMifare/E3330G.jpg', '<p>\r\n	&nbsp;&nbsp;&nbsp;&nbsp;&nbsp;&nbsp;&nbsp;</p>\r\n', '2014-05-28 00:00:00', '59', '0', '0', '49');
INSERT INTO `t_product` VALUES ('290', 'E3030G', 'E3030G', '0.00', '/UploadFiles/images/RfMifare/E3030G.jpg', '<p>\r\n	&nbsp;&nbsp;</p>\r\n', '2014-05-28 00:00:00', '103', '0', '0', '49');
INSERT INTO `t_product` VALUES ('291', 'E3330', 'E3330', '0.00', '/UploadFiles/images/RfMifare/E3330.jpg', '<p>\r\n &nbsp;&nbsp;&nbsp;</p>\r\n', '2014-11-11 00:00:00', '1093', '0', '0', '49');
INSERT INTO `t_product` VALUES ('292', 'E3030', 'E3030', '0.00', '/UploadFiles/images/RfMifare/E3030.jpg', '<p>\r\n &nbsp;&nbsp;&nbsp;</p>\r\n', '2014-11-11 00:00:00', '1562', '0', '0', '49');
INSERT INTO `t_product` VALUES ('293', 'E3131G', 'E3131G', '0.00', '/UploadFiles/images/RfMifare/E3131G.jpg', ' ', '2014-05-09 00:00:00', '142', '0', '0', '49');
INSERT INTO `t_product` VALUES ('294', 'E3031G', 'E3031G', '0.00', '/UploadFiles/images/RfMifare/E3031G.jpg', ' ', '2014-05-09 00:00:00', '243', '0', '0', '49');
INSERT INTO `t_product` VALUES ('295', 'E3131', 'E3131', '0.00', '/UploadFiles/images/RfMifare/E3131.jpg', ' ', '2014-05-12 00:00:00', '2934', '0', '1', '49');
INSERT INTO `t_product` VALUES ('296', 'E3031', 'E3031', '0.00', '/UploadFiles/images/RfMifare/E3031.jpg', ' ', '2014-05-12 00:00:00', '3552', '0', '1', '49');
INSERT INTO `t_product` VALUES ('236', 'SN-861', 'SN-861', '0.00', '/UploadFiles/images/CabinetLocker/SN-861.jpg', ' ', '2014-04-17 17:13:54', '541', '0', '0', '64');
INSERT INTO `t_product` VALUES ('238', 'SN-860', 'SN-860', '0.00', '/UploadFiles/images/CabinetLocker/SN-860.jpg', ' ', '2014-04-17 17:15:18', '613', '0', '0', '64');
INSERT INTO `t_product` VALUES ('239', 'SN-851', 'SN-851', '0.00', '/UploadFiles/images/CabinetLocker/SN-851.jpg', ' ', '2014-04-17 17:16:30', '544', '0', '0', '64');
INSERT INTO `t_product` VALUES ('240', 'SN-850', 'SN-850', '0.00', '/UploadFiles/images/CabinetLocker/SN-850.jpg', ' ', '2014-04-17 17:17:13', '597', '0', '0', '64');
INSERT INTO `t_product` VALUES ('241', 'SN-841', 'SN-841', '0.00', '/UploadFiles/images/CabinetLocker/SN-841.jpg', ' ', '2014-04-17 17:18:36', '565', '0', '0', '64');
INSERT INTO `t_product` VALUES ('242', 'SN-840', 'SN-840', '0.00', '/UploadFiles/images/CabinetLocker/SN-840.jpg', ' ', '2014-04-17 17:20:07', '551', '0', '0', '64');
INSERT INTO `t_product` VALUES ('243', 'SN-831', 'SN-831', '0.00', '/UploadFiles/images/CabinetLocker/SN-831.jpg', ' ', '2014-04-17 17:21:07', '629', '0', '0', '64');
INSERT INTO `t_product` VALUES ('244', 'SN-830', 'SN-830', '0.00', '/UploadFiles/images/CabinetLocker/SN-830.jpg', ' ', '2014-04-17 17:24:12', '576', '0', '0', '64');
INSERT INTO `t_product` VALUES ('245', 'SN-821', 'SN-821', '0.00', '/UploadFiles/images/CabinetLocker/SN-821.jpg', ' ', '2014-04-17 17:25:50', '543', '0', '0', '64');
INSERT INTO `t_product` VALUES ('246', 'SN-820', 'SN-820', '0.00', '/UploadFiles/images/CabinetLocker/SN-820.jpg', ' ', '2014-04-17 17:26:13', '583', '0', '0', '64');
INSERT INTO `t_product` VALUES ('247', 'SN-811', 'SN-811', '0.00', '/UploadFiles/images/CabinetLocker/SN-811.jpg', ' ', '2014-04-17 17:26:39', '593', '0', '0', '64');
INSERT INTO `t_product` VALUES ('248', 'SN-810', 'SN-810', '0.00', '/UploadFiles/images/CabinetLocker/SN-810.jpg', ' ', '2014-04-17 17:27:15', '761', '0', '0', '64');
INSERT INTO `t_product` VALUES ('249', 'BC-13B', 'BC-13B', '0.00', '/UploadFiles/images/BesideConsole/BC-13B.jpg', ' ', '2014-05-13 00:00:00', '679', '0', '0', '55');
INSERT INTO `t_product` VALUES ('250', 'BC-11S', 'BC-11S', '0.00', '/UploadFiles/images/BesideConsole/BC-11S.jpg', ' ', '2014-05-13 00:00:00', '482', '0', '0', '55');
INSERT INTO `t_product` VALUES ('251', 'BC-11G', 'BC-11G', '0.00', '/UploadFiles/images/BesideConsole/BC-11G.jpg', ' ', '2014-05-13 00:00:00', '586', '0', '0', '55');
INSERT INTO `t_product` VALUES ('252', 'BC-10S', 'BC-10S', '0.00', '/UploadFiles/images/BesideConsole/BC-10S.jpg', ' ', '2014-05-13 00:00:00', '542', '0', '0', '55');
INSERT INTO `t_product` VALUES ('253', 'BC-10G', 'BC-10G', '0.00', '/UploadFiles/images/BesideConsole/BC-10G.jpg', ' ', '2014-05-13 00:00:00', '731', '0', '0', '55');
INSERT INTO `t_product` VALUES ('254', 'DS-106S', 'DS-106S', '0.00', '/UploadFiles/images/TouchScreenSwitch/DS-106S.jpg', ' ', '2014-04-22 16:31:40', '595', '0', '0', '56');
INSERT INTO `t_product` VALUES ('255', 'DS-108G', 'DS-108G', '0.00', '/UploadFiles/images/TouchScreenSwitch/DS-108G.jpg', ' ', '2014-04-22 16:32:45', '591', '0', '0', '56');
INSERT INTO `t_product` VALUES ('256', 'DS-108S', 'DS-108S', '0.00', '/UploadFiles/images/TouchScreenSwitch/DS-108S.jpg', ' ', '2014-04-22 16:33:17', '570', '0', '0', '56');
INSERT INTO `t_product` VALUES ('257', 'DS-100G', 'DS-100G', '0.00', '/UploadFiles/images/TouchScreenSwitch/DS-100G.jpg', ' ', '2014-04-22 16:33:58', '627', '0', '0', '56');
INSERT INTO `t_product` VALUES ('258', 'DS-100S', 'DS-100S', '0.00', '/UploadFiles/images/TouchScreenSwitch/DS-100S.jpg', ' ', '2014-04-22 16:34:33', '666', '0', '0', '56');
INSERT INTO `t_product` VALUES ('325', 'LCD LOCK', 'E4131', '0.00', '/UploadFiles/images/RfMifare/E4131.jpg', '<p>\r\n 01.Panels Dimensions:L280mm*W75mm*H22mm<br />\r\n 02.Panels Material:Stainless Steel<br />\r\n 03.Panels Color:Golden<br />\r\n 04.Lockcase Option:M06 or M10<br />\r\n 05.Door Thickness:35mm-60mm<br />\r\n 06.Unlock Mode:Card Key&amp;Mechanical Key<br />\r\n 07.Keycard Option:Mifare Card<br />\r\n 08.Working Voltage:DC6V or 4 AA Alkaline Batteries<br />\r\n 09.Static Load:&lt;20ua<br />\r\n 10.Dynamic Load:100~150ma</p>\r\n', '2014-11-11 00:00:00', '2675', '0', '1', '49');
INSERT INTO `t_product` VALUES ('261', 'TSS-02', 'TSS-02', '0.00', '/UploadFiles/images/TouchScreenSwitch/TSS-02.jpg', ' ', '2014-04-22 16:40:26', '770', '0', '0', '56');
INSERT INTO `t_product` VALUES ('262', 'TSS-40', 'TSS-40', '0.00', '/UploadFiles/images/TouchScreenSwitch/TSS-40.jpg', ' ', '2014-04-22 16:43:56', '795', '0', '0', '56');
INSERT INTO `t_product` VALUES ('264', 'DS-40', 'DS-40', '0.00', '/UploadFiles/images/TouchScreenSwitch/DS-40.jpg', ' ', '2014-04-22 16:47:47', '718', '0', '0', '56');
INSERT INTO `t_product` VALUES ('265', 'TSS-90', 'TSS-90', '0.00', '/UploadFiles/images/TouchScreenSwitch/TSS-90.jpg', ' ', '2014-04-22 16:50:52', '741', '0', '0', '56');
INSERT INTO `t_product` VALUES ('90', 'B-313', 'B-313', '0.00', '/UploadFiles/images/BathroomLock/B-313.jpg', ' ', '2014-05-08 00:00:00', '489', '0', '0', '65');
INSERT INTO `t_product` VALUES ('91', 'B-303', 'B-303', '0.00', '/UploadFiles/images/BathroomLock/B-303.jpg', ' ', '2014-05-08 00:00:00', '594', '0', '0', '65');
INSERT INTO `t_product` VALUES ('92', 'B-312', 'B-312', '0.00', '/UploadFiles/images/BathroomLock/B-312.jpg', ' ', '2014-05-08 00:00:00', '575', '0', '0', '65');
INSERT INTO `t_product` VALUES ('317', 'Euro Standard Lockcase', 'M09', '0.00', '/UploadFiles/images/Lockcase/M09.jpg', '<p>\r\n <img alt=\"\" src=\"/UploadFiles/images/Lockcase/M09-1.jpg\" style=\"width: 400px; height: 400px\" /></p>\r\n', '2014-05-14 00:00:00', '591', '0', '0', '71');
INSERT INTO `t_product` VALUES ('318', 'Euro Standard Lockcase', 'M08', '0.00', '/UploadFiles/images/Lockcase/M08.jpg', '<p>\r\n <img alt=\"\" src=\"/UploadFiles/images/Lockcase/M08-1.jpg\" style=\"width: 400px; height: 400px\" /></p>\r\n', '2014-05-14 00:00:00', '596', '0', '0', '71');
INSERT INTO `t_product` VALUES ('125', '9002', '9002', '0.00', '/UploadFiles/images/HotelPhone/9002.jpg', ' ', '2014-04-17 14:38:17', '651', '0', '0', '63');
INSERT INTO `t_product` VALUES ('126', '8007', '8007', '0.00', '/UploadFiles/images/HotelPhone/8007.jpg', ' ', '2014-04-17 17:43:03', '719', '0', '0', '63');
INSERT INTO `t_product` VALUES ('127', '8002', '8002', '0.00', '/UploadFiles/images/HotelPhone/8002.jpg', ' ', '2014-04-17 17:53:39', '671', '0', '0', '63');
INSERT INTO `t_product` VALUES ('128', '7001', '7001', '0.00', '/UploadFiles/images/HotelPhone/7001.jpg', ' ', '2014-04-17 17:56:59', '579', '0', '0', '63');
INSERT INTO `t_product` VALUES ('129', '6602', '6602', '0.00', '/UploadFiles/images/HotelPhone/6602.jpg', ' ', '2014-04-17 17:55:32', '696', '0', '0', '63');
INSERT INTO `t_product` VALUES ('131', '6003', '6003', '0.00', '/UploadFiles/images/HotelPhone/6003.jpg', ' ', '2014-04-17 17:50:38', '616', '0', '0', '63');
INSERT INTO `t_product` VALUES ('133', '6002', '6002', '0.00', '/UploadFiles/images/HotelPhone/6002.jpg', ' ', '2014-04-17 17:43:45', '662', '0', '0', '63');
INSERT INTO `t_product` VALUES ('134', '6001', '6001', '0.00', '/UploadFiles/images/HotelPhone/6001.jpg', ' ', '2014-04-17 14:37:52', '686', '0', '0', '63');
INSERT INTO `t_product` VALUES ('136', 'BMQ-2023AD', 'BMQ-2023AD', '0.00', '/UploadFiles/images/DoorCloser/BMQ-2023AD.jpg', ' ', '2012-12-27 11:48:40', '1750', '0', '0', '62');
INSERT INTO `t_product` VALUES ('137', 'BMQ-5034AW', 'BMQ-5034AW', '0.00', '/UploadFiles/images/DoorCloser/BMQ-5034AW.jpg', ' ', '2012-12-27 11:48:14', '1392', '0', '0', '62');
INSERT INTO `t_product` VALUES ('138', 'BMQ-5012AD', 'BMQ-5012AD', '0.00', '/UploadFiles/images/DoorCloser/BMQ-5012AD.jpg', ' ', '2012-12-27 11:47:47', '1667', '0', '0', '62');
INSERT INTO `t_product` VALUES ('139', 'DH019', 'DH019', '0.00', '/UploadFiles/images/DoorStopper/DH019.jpg', ' ', '2012-12-26 16:15:33', '1444', '0', '0', '61');
INSERT INTO `t_product` VALUES ('140', 'DH009', 'DH009', '0.00', '/UploadFiles/images/DoorStopper/DH009.jpg', ' ', '2012-12-26 16:14:52', '1474', '0', '0', '61');
INSERT INTO `t_product` VALUES ('141', 'CE30', 'CE30', '0.00', '/UploadFiles/images/DoorStopper/CE30.jpg', ' ', '2012-12-26 16:14:22', '1358', '0', '0', '61');
INSERT INTO `t_product` VALUES ('142', 'CE31', 'CE31', '0.00', '/UploadFiles/images/DoorStopper/CE31.jpg', ' ', '2012-12-26 16:13:54', '1259', '0', '0', '61');
INSERT INTO `t_product` VALUES ('143', 'DS215', 'DS215', '0.00', '/UploadFiles/images/DoorStopper/DS215.jpg', ' ', '2012-12-26 16:13:08', '1347', '0', '0', '61');
INSERT INTO `t_product` VALUES ('144', 'DS992', 'DS992', '0.00', '/UploadFiles/images/DoorStopper/DS992.jpg', ' ', '2012-12-26 16:12:34', '1425', '0', '0', '61');
INSERT INTO `t_product` VALUES ('145', 'DS1336', 'DS1336', '0.00', '/UploadFiles/images/DoorStopper/DS1336.jpg', ' ', '2012-12-26 16:11:48', '1477', '0', '0', '61');
INSERT INTO `t_product` VALUES ('146', 'BC-01', 'BC-01', '0.00', '/UploadFiles/images/BesideConsole/BC-01.jpg', ' ', '2014-05-13 00:00:00', '470', '0', '0', '55');
INSERT INTO `t_product` VALUES ('147', 'BC-04B', 'BC-04B', '0.00', '/UploadFiles/images/BesideConsole/BC-04B.jpg', ' ', '2014-05-13 00:00:00', '563', '0', '0', '55');
INSERT INTO `t_product` VALUES ('150', 'BC-13S', 'BC-13S', '0.00', '/UploadFiles/images/BesideConsole/BC-13S.jpg', ' ', '2014-05-13 00:00:00', '604', '0', '0', '55');
INSERT INTO `t_product` VALUES ('151', 'BC-13G', 'BC-13G', '0.00', '/UploadFiles/images/BesideConsole/BC-13G.jpg', ' ', '2014-05-13 00:00:00', '639', '0', '0', '55');
INSERT INTO `t_product` VALUES ('152', 'IC Encoder', 'IC-ECD01', '0.00', '/UploadFiles/images/Encoder/IC-ECD01.jpg', ' ', '2012-12-26 16:28:49', '1541', '0', '0', '59');
INSERT INTO `t_product` VALUES ('153', 'IC Encoder', 'IC-ECD02', '0.00', '/UploadFiles/images/Encoder/IC-ECD02.jpg', ' ', '2012-12-26 16:28:21', '1527', '0', '0', '59');
INSERT INTO `t_product` VALUES ('154', 'Magnetic Encoder', 'MG-ECD05', '0.00', '/UploadFiles/images/Encoder/MG-ECD05.jpg', ' ', '2014-04-28 17:23:00', '572', '0', '0', '59');
INSERT INTO `t_product` VALUES ('155', 'Temic Encoder', 'RF-ECD04', '0.00', '/UploadFiles/images/Encoder/RF-ECD04.jpg', ' ', '2014-04-28 17:18:35', '1399', '0', '0', '59');
INSERT INTO `t_product` VALUES ('156', 'Data Receiver', 'DT-01', '0.00', '/UploadFiles/images/Encoder/DT-01.jpg', ' ', '2014-05-13 00:00:00', '618', '0', '0', '59');
INSERT INTO `t_product` VALUES ('157', 'Mifare Encoder', 'RF-ECD06', '0.00', '/UploadFiles/images/Encoder/RF-ECD06.jpg', ' ', '2012-12-26 16:25:05', '1935', '0', '0', '59');
INSERT INTO `t_product` VALUES ('158', 'C/Mifare Encoder', 'MF-ECD03', '0.00', '/UploadFiles/images/Encoder/MF-ECD03.jpg', ' ', '2014-05-07 00:00:00', '960', '0', '0', '59');
INSERT INTO `t_product` VALUES ('159', 'ID Card', 'ID Card', '0.00', '/UploadFiles/images/CardKey/ID Card.jpg', ' ', '2014-04-22 11:28:09', '661', '0', '0', '58');
INSERT INTO `t_product` VALUES ('160', 'Bracelet Card', 'Bracelet Card', '0.00', '/UploadFiles/images/CardKey/Bracelet%20Card.jpg', ' ', '2014-05-12 00:00:00', '650', '0', '0', '58');
INSERT INTO `t_product` VALUES ('161', 'Magnetic Card', 'Magnetic Card', '0.00', '/UploadFiles/images/CardKey/Magnetic%20Card.jpg', ' ', '2014-05-13 00:00:00', '596', '0', '0', '58');
INSERT INTO `t_product` VALUES ('162', 'IC Card', 'IC Card', '0.00', '/UploadFiles/images/CardKey/IC%20Card.jpg', ' ', '2014-05-13 00:00:00', '663', '0', '0', '58');
INSERT INTO `t_product` VALUES ('163', 'Temic & Mifare Card', 'Temic & Mifare Card', '0.00', '/UploadFiles/images/CardKey/Temic%26Mifare%20Card.jpg', ' ', '2014-05-13 00:00:00', '1308', '0', '0', '58');
INSERT INTO `t_product` VALUES ('164', 'TSS-41S', 'TSS-41S', '0.00', '/UploadFiles/images/TouchScreenSwitch/TSS-41S.jpg', ' ', '2014-04-22 16:30:15', '372', '0', '0', '56');
INSERT INTO `t_product` VALUES ('165', 'TSS-41G', 'TSS-41G', '0.00', '/UploadFiles/images/TouchScreenSwitch/TSS-41G.jpg', ' ', '2014-04-22 16:29:20', '328', '0', '0', '56');
INSERT INTO `t_product` VALUES ('166', 'DS-L41', 'DS-L41', '0.00', '/UploadFiles/images/TouchScreenSwitch/DS-L41.jpg', ' ', '2014-04-22 16:24:33', '323', '0', '0', '56');
INSERT INTO `t_product` VALUES ('167', 'DS-L81', 'DS-L81', '0.00', '/UploadFiles/images/TouchScreenSwitch/DS-L81.jpg', ' ', '2014-04-22 16:20:17', '449', '0', '0', '56');
INSERT INTO `t_product` VALUES ('168', 'DS-201US', 'DS-201US', '0.00', '/UploadFiles/images/TouchScreenSwitch/DS-201US.jpg', ' ', '2014-04-22 16:19:14', '295', '0', '0', '56');
INSERT INTO `t_product` VALUES ('169', 'DS-201HG', 'DS-201HG', '0.00', '/UploadFiles/images/TouchScreenSwitch/DS-201HG.jpg', ' ', '2014-04-22 16:18:10', '331', '0', '0', '56');
INSERT INTO `t_product` VALUES ('170', 'DS-201HP', 'DS-201HP', '0.00', '/UploadFiles/images/TouchScreenSwitch/DS-201HP.jpg', ' ', '2014-04-22 16:15:57', '316', '0', '0', '56');
INSERT INTO `t_product` VALUES ('171', 'DS-200HS', 'DS-200HS', '0.00', '/UploadFiles/images/TouchScreenSwitch/DS-200HS.jpg', ' ', '2014-04-22 16:14:21', '338', '0', '0', '56');
INSERT INTO `t_product` VALUES ('172', 'DS-200HP', 'DS-200HP', '0.00', '/UploadFiles/images/TouchScreenSwitch/DS-200HP.jpg', ' ', '2014-04-22 16:12:20', '266', '0', '0', '56');
INSERT INTO `t_product` VALUES ('173', 'DS-200UG', 'DS-200UG', '0.00', '/UploadFiles/images/TouchScreenSwitch/DS-200UG.jpg', ' ', '2014-04-22 16:10:59', '730', '0', '0', '56');
INSERT INTO `t_product` VALUES ('174', 'DS-200UP', 'DS-200UP', '0.00', '/UploadFiles/images/TouchScreenSwitch/DS-200UP.jpg', ' ', '2014-04-22 16:09:37', '585', '0', '0', '56');
INSERT INTO `t_product` VALUES ('176', 'DB-01', 'DB-01', '0.00', '/UploadFiles/images/TouchScreenSwitch/DB-01.jpg', ' ', '2014-04-22 16:07:58', '645', '0', '0', '56');
INSERT INTO `t_product` VALUES ('177', 'C/Mifare Card Switch(1 phase output)', 'ESS-100', '0.00', '/UploadFiles/images/EnergySavingSwitch/ESS-100.jpg', '<p>\r\n Size:86mm*86mm<br />\r\n DC12V<br />\r\n 120A<br />\r\n C/Mifare Card Type<br />\r\n 1&nbsp;phase output&nbsp;</p>\r\n<p>\r\n <strong>Controller</strong></p>\r\n<p>\r\n <strong><img alt=\"\" src=\"/UploadFiles/images/EnergySavingSwitch/Controller.jpg\" style=\"width: 300px; height: 300px\" /></strong></p>\r\n', '2014-05-15 00:00:00', '877', '0', '0', '79');
INSERT INTO `t_product` VALUES ('178', 'Mifare Card Switch(1 phase output)', 'ESS-90', '0.00', '/UploadFiles/images/EnergySavingSwitch/ESS-90.jpg', '<p>\r\n Size:86mm*86mm<br />\r\n DC12V<br />\r\n 120A<br />\r\n Mifare Card Type<br />\r\n 1&nbsp;phase output</p>\r\n<p>\r\n <strong>Controller</strong></p>\r\n<p>\r\n <strong><img alt=\"\" src=\"/UploadFiles/images/EnergySavingSwitch/Controller.jpg\" style=\"width: 300px; height: 300px\" /></strong></p>\r\n<p>\r\n &nbsp;</p>\r\n', '2014-05-15 00:00:00', '765', '0', '0', '79');
INSERT INTO `t_product` VALUES ('179', 'Temic Card Switch(1 phase output)', 'ESS-80', '0.00', '/UploadFiles/images/EnergySavingSwitch/ESS-80.jpg', '<p>\r\n Size:86mm*86mm<br />\r\n DC12V<br />\r\n 120A<br />\r\n Temic&nbsp;Card Type<br />\r\n 1&nbsp;phase output</p>\r\n<p>\r\n <strong>Controller</strong></p>\r\n<p>\r\n <strong><img alt=\"\" src=\"/UploadFiles/images/EnergySavingSwitch/Controller.jpg\" style=\"width: 300px; height: 300px\" /></strong></p>\r\n<p>\r\n &nbsp;</p>\r\n<p>\r\n &nbsp;</p>\r\n', '2014-05-15 00:00:00', '653', '0', '0', '80');
INSERT INTO `t_product` VALUES ('180', 'C/Mifare Card Switch(3 phase output)', 'ESS-70', '0.00', '/UploadFiles/images/EnergySavingSwitch/ESS-70.jpg', '<p>\r\n Size:86mm*86mm<br />\r\n DC12V<br />\r\n 120A<br />\r\n C/Mifare Card Type<br />\r\n 3 phase output</p>\r\n<p>\r\n <strong>Controller</strong></p>\r\n<p>\r\n <strong><img alt=\"\" src=\"/UploadFiles/images/EnergySavingSwitch/Controller.jpg\" style=\"width: 300px; height: 300px\" /></strong></p>\r\n', '2014-05-15 00:00:00', '832', '0', '0', '79');
INSERT INTO `t_product` VALUES ('181', 'Mifare Card Switch(3 phase output)', 'ESS-60', '0.00', '/UploadFiles/images/EnergySavingSwitch/ESS-60.jpg', '<p>\r\n Size:86mm*86mm<br />\r\n DC12V<br />\r\n 120A<br />\r\n Mifare Card Type<br />\r\n 3 phase output</p>\r\n<p>\r\n <strong>Controller</strong></p>\r\n<p>\r\n <strong><img alt=\"\" src=\"/UploadFiles/images/EnergySavingSwitch/Controller.jpg\" style=\"width: 300px; height: 300px\" /></strong></p>\r\n', '2014-05-15 00:00:00', '1163', '0', '0', '79');
INSERT INTO `t_product` VALUES ('182', 'Temic Card Switch(3 phase output)', 'ESS-50', '0.00', '/UploadFiles/images/EnergySavingSwitch/ESS-50.jpg', '<p>\r\n Size:86mm*86mm<br />\r\n DC12V<br />\r\n 120A<br />\r\n Temic&nbsp;Card Type<br />\r\n 3 phase output</p>\r\n<p>\r\n <strong>Controller</strong></p>\r\n<p>\r\n <strong><img alt=\"\" src=\"/UploadFiles/images/EnergySavingSwitch/Controller.jpg\" style=\"width: 300px; height: 300px\" /></strong></p>\r\n', '2014-05-15 00:00:00', '913', '0', '0', '80');
INSERT INTO `t_product` VALUES ('183', 'MB-60GA', 'MB-60GA', '0.00', '/UploadFiles/images/HotelMinibar/MB-60GA.jpg', '<p>\r\n &nbsp;</p>\r\n<table border=\"1\" cellpadding=\"0\" cellspacing=\"0\">\r\n <tbody>\r\n  <tr>\r\n   <td style=\"width: 181px\">\r\n    <p align=\"left\">\r\n     Storage Temperature(C)</p>\r\n   </td>\r\n   <td style=\"width: 48px\">\r\n    <p align=\"left\">\r\n     0 ~ 12</p>\r\n   </td>\r\n  </tr>\r\n  <tr>\r\n   <td style=\"width: 181px\">\r\n    <p align=\"left\">\r\n     Input Power(W)</p>\r\n   </td>\r\n   <td style=\"width: 48px\">\r\n    <p align=\"left\">\r\n     85</p>\r\n   </td>\r\n  </tr>\r\n  <tr>\r\n   <td style=\"width: 181px\">\r\n    <p align=\"left\">\r\n     Energy Consumption(kwh/24h)</p>\r\n   </td>\r\n   <td style=\"width: 48px\">\r\n    <p align=\"left\">\r\n     1.2</p>\r\n   </td>\r\n  </tr>\r\n  <tr>\r\n   <td style=\"width: 181px\">\r\n    <p align=\"left\">\r\n     Validity Capacity(L)</p>\r\n   </td>\r\n   <td style=\"width: 48px\">\r\n    <p align=\"left\">\r\n     60</p>\r\n   </td>\r\n  </tr>\r\n  <tr>\r\n   <td style=\"width: 181px\">\r\n    <p align=\"left\">\r\n     Voltage(V)</p>\r\n   </td>\r\n   <td style=\"width: 48px\">\r\n    <p align=\"left\">\r\n     AC220</p>\r\n   </td>\r\n  </tr>\r\n  <tr>\r\n   <td style=\"width: 181px\">\r\n    <p align=\"left\">\r\n     Key mounted</p>\r\n   </td>\r\n   <td style=\"width: 48px\">\r\n    <p align=\"left\">\r\n     Yes</p>\r\n   </td>\r\n  </tr>\r\n  <tr>\r\n   <td style=\"width: 181px\">\r\n    <p align=\"left\">\r\n     Light inside</p>\r\n   </td>\r\n   <td style=\"width: 48px\">\r\n    <p align=\"left\">\r\n     Yes</p>\r\n   </td>\r\n  </tr>\r\n </tbody>\r\n</table>\r\n<p>\r\n &nbsp;</p>\r\n', '2014-05-14 00:00:00', '972', '0', '0', '53');
INSERT INTO `t_product` VALUES ('312', 'MB-25/30/40GA', 'MB-25/30/40GA', '0.00', '/UploadFiles/images/HotelMinibar/MB-40GA.jpg', '<p>\r\n &nbsp;</p>\r\n<table border=\"1\" cellpadding=\"0\" cellspacing=\"0\">\r\n <tbody>\r\n  <tr>\r\n   <td style=\"width: 181px\">\r\n    <p align=\"left\">\r\n     Storage Temperature(C)</p>\r\n   </td>\r\n   <td style=\"width: 48px\">\r\n    <p align=\"left\">\r\n     0 ~ 12</p>\r\n   </td>\r\n  </tr>\r\n  <tr>\r\n   <td style=\"width: 181px\">\r\n    <p align=\"left\">\r\n     Input Power(W)</p>\r\n   </td>\r\n   <td style=\"width: 48px\">\r\n    <p align=\"left\">\r\n     65</p>\r\n   </td>\r\n  </tr>\r\n  <tr>\r\n   <td style=\"width: 181px\">\r\n    <p align=\"left\">\r\n     Energy Consumption(kwh/24h)</p>\r\n   </td>\r\n   <td style=\"width: 48px\">\r\n    <p align=\"left\">\r\n     0.9</p>\r\n   </td>\r\n  </tr>\r\n  <tr>\r\n   <td style=\"width: 181px\">\r\n    <p align=\"left\">\r\n     Validity Capacity(L)</p>\r\n   </td>\r\n   <td style=\"width: 48px\">\r\n    <p align=\"left\">\r\n     25/30/40</p>\r\n   </td>\r\n  </tr>\r\n  <tr>\r\n   <td style=\"width: 181px\">\r\n    <p align=\"left\">\r\n     Voltage(V)</p>\r\n   </td>\r\n   <td style=\"width: 48px\">\r\n    <p align=\"left\">\r\n     AC220</p>\r\n   </td>\r\n  </tr>\r\n  <tr>\r\n   <td style=\"width: 181px\">\r\n    <p align=\"left\">\r\n     Key mounted</p>\r\n   </td>\r\n   <td style=\"width: 48px\">\r\n    <p align=\"left\">\r\n     Yes</p>\r\n   </td>\r\n  </tr>\r\n  <tr>\r\n   <td style=\"width: 181px\">\r\n    <p align=\"left\">\r\n     Light inside</p>\r\n   </td>\r\n   <td style=\"width: 48px\">\r\n    <p align=\"left\">\r\n     Yes</p>\r\n   </td>\r\n  </tr>\r\n </tbody>\r\n</table>\r\n<p>\r\n &nbsp;</p>\r\n', '2014-05-14 00:00:00', '4279', '0', '0', '53');
INSERT INTO `t_product` VALUES ('184', 'MB-60BA', 'MB-60BA', '0.00', '/UploadFiles/images/HotelMinibar/MB-60BA.jpg', '<p>\r\n &nbsp;</p>\r\n<table border=\"1\" cellpadding=\"0\" cellspacing=\"0\">\r\n <tbody>\r\n  <tr>\r\n   <td style=\"width: 181px\">\r\n    <p align=\"left\">\r\n     Storage Temperature(C)</p>\r\n   </td>\r\n   <td style=\"width: 48px\">\r\n    <p align=\"left\">\r\n     0 ~ 12</p>\r\n   </td>\r\n  </tr>\r\n  <tr>\r\n   <td style=\"width: 181px\">\r\n    <p align=\"left\">\r\n     Input Power(W)</p>\r\n   </td>\r\n   <td style=\"width: 48px\">\r\n    <p align=\"left\">\r\n     85</p>\r\n   </td>\r\n  </tr>\r\n  <tr>\r\n   <td style=\"width: 181px\">\r\n    <p align=\"left\">\r\n     Energy Consumption(kwh/24h)</p>\r\n   </td>\r\n   <td style=\"width: 48px\">\r\n    <p align=\"left\">\r\n     1.2</p>\r\n   </td>\r\n  </tr>\r\n  <tr>\r\n   <td style=\"width: 181px\">\r\n    <p align=\"left\">\r\n     Validity Capacity(L)</p>\r\n   </td>\r\n   <td style=\"width: 48px\">\r\n    <p align=\"left\">\r\n     60</p>\r\n   </td>\r\n  </tr>\r\n  <tr>\r\n   <td style=\"width: 181px\">\r\n    <p align=\"left\">\r\n     Voltage(V)</p>\r\n   </td>\r\n   <td style=\"width: 48px\">\r\n    <p align=\"left\">\r\n     AC220</p>\r\n   </td>\r\n  </tr>\r\n  <tr>\r\n   <td style=\"width: 181px\">\r\n    <p align=\"left\">\r\n     Key mounted</p>\r\n   </td>\r\n   <td style=\"width: 48px\">\r\n    <p align=\"left\">\r\n     Yes</p>\r\n   </td>\r\n  </tr>\r\n  <tr>\r\n   <td style=\"width: 181px\">\r\n    <p align=\"left\">\r\n     Light inside</p>\r\n   </td>\r\n   <td style=\"width: 48px\">\r\n    <p align=\"left\">\r\n     Yes</p>\r\n   </td>\r\n  </tr>\r\n </tbody>\r\n</table>\r\n<p>\r\n &nbsp;</p>\r\n', '2014-05-14 00:00:00', '771', '0', '0', '53');
INSERT INTO `t_product` VALUES ('311', 'MB-25/30/40GB', 'MB-25/30/40GB', '0.00', '/UploadFiles/images/HotelMinibar/MB-40GB.jpg', '<p>\r\n &nbsp;</p>\r\n<table border=\"1\" cellpadding=\"0\" cellspacing=\"0\">\r\n <tbody>\r\n  <tr>\r\n   <td style=\"width: 181px\">\r\n    <p align=\"left\">\r\n     Storage Temperature(C)</p>\r\n   </td>\r\n   <td style=\"width: 48px\">\r\n    <p align=\"left\">\r\n     0 ~ 12</p>\r\n   </td>\r\n  </tr>\r\n  <tr>\r\n   <td style=\"width: 181px\">\r\n    <p align=\"left\">\r\n     Input Power(W)</p>\r\n   </td>\r\n   <td style=\"width: 48px\">\r\n    <p align=\"left\">\r\n     65</p>\r\n   </td>\r\n  </tr>\r\n  <tr>\r\n   <td style=\"width: 181px\">\r\n    <p align=\"left\">\r\n     Energy Consumption(kwh/24h)</p>\r\n   </td>\r\n   <td style=\"width: 48px\">\r\n    <p align=\"left\">\r\n     0.9</p>\r\n   </td>\r\n  </tr>\r\n  <tr>\r\n   <td style=\"width: 181px\">\r\n    <p align=\"left\">\r\n     Validity Capacity(L)</p>\r\n   </td>\r\n   <td style=\"width: 48px\">\r\n    <p align=\"left\">\r\n     25/30/40</p>\r\n   </td>\r\n  </tr>\r\n  <tr>\r\n   <td style=\"width: 181px\">\r\n    <p align=\"left\">\r\n     Voltage(V)</p>\r\n   </td>\r\n   <td style=\"width: 48px\">\r\n    <p align=\"left\">\r\n     AC220</p>\r\n   </td>\r\n  </tr>\r\n  <tr>\r\n   <td style=\"width: 181px\">\r\n    <p align=\"left\">\r\n     Key mounted</p>\r\n   </td>\r\n   <td style=\"width: 48px\">\r\n    <p align=\"left\">\r\n     Yes</p>\r\n   </td>\r\n  </tr>\r\n  <tr>\r\n   <td style=\"width: 181px\">\r\n    <p align=\"left\">\r\n     Light inside</p>\r\n   </td>\r\n   <td style=\"width: 48px\">\r\n    <p align=\"left\">\r\n     Yes</p>\r\n   </td>\r\n  </tr>\r\n </tbody>\r\n</table>\r\n<p>\r\n &nbsp;</p>\r\n', '2014-05-14 00:00:00', '950', '0', '0', '53');
INSERT INTO `t_product` VALUES ('185', 'OBT-2043MA', 'OBT-2043MA', '0.00', '/UploadFiles/images/HotelDigitalSafe/OBT-2043MA.jpg', ' ', '2014-04-29 14:45:54', '860', '0', '0', '52');
INSERT INTO `t_product` VALUES ('186', 'OBT-2043ME', 'OBT-2043ME', '0.00', '/UploadFiles/images/HotelDigitalSafe/OBT-2043ME.jpg', ' ', '2014-04-29 14:44:38', '1152', '0', '0', '52');
INSERT INTO `t_product` VALUES ('187', 'OBT-2045MB', 'OBT-2045MB', '0.00', '/UploadFiles/images/HotelDigitalSafe/OBT-2045MB.jpg', ' ', '2014-04-29 14:43:44', '5058', '0', '0', '52');
INSERT INTO `t_product` VALUES ('188', 'MFC-03', 'MFC-03', '0.00', '/UploadFiles/images/HotelLift/MFC-03.jpg', ' ', '2014-05-12 00:00:00', '961', '0', '0', '51');
INSERT INTO `t_product` VALUES ('189', 'MFR-02', 'MFR-02', '0.00', '/UploadFiles/images/HotelLift/MFR-02.jpg', ' ', '2012-12-26 18:19:17', '1799', '0', '0', '51');
INSERT INTO `t_product` VALUES ('190', 'MCR-01', 'MCR-01', '0.00', '/UploadFiles/images/HotelLift/MFR-01.jpg', ' ', '2014-05-12 00:00:00', '1039', '0', '0', '51');
INSERT INTO `t_product` VALUES ('191', 'E1111S', 'E1111S', '0.00', '/UploadFiles/images/ICLock/E1111S.jpg', ' ', '2013-03-19 17:29:09', '740', '0', '0', '50');
INSERT INTO `t_product` VALUES ('192', 'E1180S', 'E1180S', '0.00', '/UploadFiles/images/ICLock/E1180S.jpg', ' ', '2013-03-19 17:28:48', '974', '0', '0', '50');
INSERT INTO `t_product` VALUES ('193', 'E1110S', 'E1110S', '0.00', '/UploadFiles/images/ICLock/E1110S.jpg', ' ', '2013-03-19 17:28:21', '735', '0', '0', '50');
INSERT INTO `t_product` VALUES ('194', 'E1011S', 'E1011S', '0.00', '/UploadFiles/images/ICLock/E1011S.jpg', ' ', '2013-03-19 17:27:16', '963', '0', '0', '50');
INSERT INTO `t_product` VALUES ('195', 'E1080S', 'E1080S', '0.00', '/UploadFiles/images/ICLock/E1080S.jpg', ' ', '2013-03-19 17:26:40', '721', '0', '0', '50');
INSERT INTO `t_product` VALUES ('196', 'E1010S', 'E1010S', '0.00', '/UploadFiles/images/ICLock/E1010S.jpg', ' ', '2013-03-19 17:26:07', '1182', '0', '0', '50');
INSERT INTO `t_product` VALUES ('197', 'F3220', 'F3220', '0.00', '/UploadFiles/images/RfMifare/F3220.jpg', ' ', '2014-05-09 00:00:00', '157', '0', '0', '49');
INSERT INTO `t_product` VALUES ('198', 'F3120', 'F3120', '0.00', '/UploadFiles/images/RfMifare/F3120.jpg', ' ', '2014-05-09 00:00:00', '86', '0', '0', '49');
INSERT INTO `t_product` VALUES ('200', 'F3020', 'F3020', '0.00', '/UploadFiles/images/RfMifare/F3020.jpg', ' ', '2014-05-09 00:00:00', '73', '0', '0', '49');
INSERT INTO `t_product` VALUES ('201', 'F4120', 'F4120', '0.00', '/UploadFiles/images/RfMifare/F4120.jpg', ' ', '2014-05-09 00:00:00', '42', '0', '0', '49');
INSERT INTO `t_product` VALUES ('202', 'F4020', 'F4020', '0.00', '/UploadFiles/images/RfMifare/F4020.jpg', ' ', '2014-05-09 00:00:00', '53', '0', '0', '49');
INSERT INTO `t_product` VALUES ('203', 'F4121', 'F4121', '0.00', '/UploadFiles/images/RfMifare/F4121.jpg', ' ', '2014-05-09 00:00:00', '41', '0', '0', '49');
INSERT INTO `t_product` VALUES ('204', 'F4021', 'F4021', '0.00', '/UploadFiles/images/RfMifare/F4021.jpg', ' ', '2014-05-09 00:00:00', '64', '0', '0', '49');
INSERT INTO `t_product` VALUES ('205', 'E3370', 'E3370', '0.00', '/UploadFiles/images/RfMifare/E3370.jpg', ' ', '2014-05-09 00:00:00', '62', '0', '0', '49');
INSERT INTO `t_product` VALUES ('206', 'E3070', 'E3070', '0.00', '/UploadFiles/images/RfMifare/E3070.jpg', ' ', '2014-05-09 00:00:00', '81', '0', '0', '49');
INSERT INTO `t_product` VALUES ('207', 'E3350', 'E3350', '0.00', '/UploadFiles/images/RfMifare/E3350.jpg', ' ', '2014-05-09 00:00:00', '55', '0', '0', '49');
INSERT INTO `t_product` VALUES ('208', 'E3050', 'E3050', '0.00', '/UploadFiles/images/RfMifare/E3050.jpg', ' ', '2014-05-09 00:00:00', '1239', '0', '0', '49');
INSERT INTO `t_product` VALUES ('209', 'E3121', 'E3121', '0.00', '/UploadFiles/images/RfMifare/E3121.jpg', ' ', '2014-05-09 00:00:00', '139', '0', '0', '49');
INSERT INTO `t_product` VALUES ('210', 'E3021', 'E3021', '0.00', '/UploadFiles/images/RfMifare/E3021.jpg', ' ', '2014-05-09 00:00:00', '1713', '0', '0', '49');
INSERT INTO `t_product` VALUES ('211', 'E3134', 'E3134', '0.00', '/UploadFiles/images/RfMifare/E3134.jpg', ' ', '2014-05-09 00:00:00', '342', '0', '0', '49');
INSERT INTO `t_product` VALUES ('212', 'E3034', 'E3034', '0.00', '/UploadFiles/images/RfMifare/E3034.jpg', ' ', '2014-05-09 00:00:00', '409', '0', '0', '49');
INSERT INTO `t_product` VALUES ('213', 'E3191G', 'E3191G', '0.00', '/UploadFiles/images/RfMifare/E3191G.jpg', ' ', '2014-05-13 00:00:00', '302', '0', '0', '49');
INSERT INTO `t_product` VALUES ('319', 'Euro Standard Lockcase', 'M07', '0.00', '/UploadFiles/images/Lockcase/M07.jpg', '<p>\r\n <img alt=\"\" src=\"/UploadFiles/images/Lockcase/M07-1.jpg\" style=\"width: 400px; height: 400px\" /></p>\r\n', '2014-05-14 00:00:00', '660', '0', '0', '71');
INSERT INTO `t_product` VALUES ('320', 'ANSI Standard Lockcase(bettery box)', 'M10', '0.00', '/UploadFiles/images/Lockcase/M10.jpg', '<p>\r\n <img alt=\"\" src=\"/UploadFiles/images/Lockcase/M10-1.jpg\" style=\"width: 400px; height: 400px\" /></p>\r\n', '2014-05-14 00:00:00', '600', '0', '0', '71');
INSERT INTO `t_product` VALUES ('321', 'ANSI Standard Lockcase', 'M11', '0.00', '/UploadFiles/images/Lockcase/M11.jpg', '<p>\r\n <img alt=\"\" src=\"/UploadFiles/images/Lockcase/M11-1.jpg\" style=\"width: 400px; height: 400px\" /></p>\r\n', '2014-05-14 00:00:00', '624', '0', '0', '71');
INSERT INTO `t_product` VALUES ('322', 'ANSI Standard Lockcase(bettery box)', 'M06', '0.00', '/UploadFiles/images/Lockcase/M06.jpg', '<p>\r\n <img alt=\"\" src=\"/UploadFiles/images/Lockcase/M06-1.jpg\" style=\"width: 400px; height: 400px\" /></p>\r\n', '2014-05-14 00:00:00', '559', '0', '0', '71');
INSERT INTO `t_product` VALUES ('323', 'ANSI Standard Lockcase', 'M01', '0.00', '/UploadFiles/images/Lockcase/M01.jpg', '<p>\r\n <img alt=\"\" src=\"/UploadFiles/images/Lockcase/M01-1.jpg\" style=\"width: 400px; height: 400px\" /></p>\r\n', '2014-05-14 00:00:00', '621', '0', '0', '71');
INSERT INTO `t_product` VALUES ('326', 'LCD LOCK', 'E4031', '0.00', '/UploadFiles/images/RfMifare/E4031.jpg', '<p>\r\n	01.Panels Dimensions:L280mm*W75mm*H22mm<br />\r\n	02.Panels Material:Stainless Steel<br />\r\n	03.Panels Color:Silvery<br />\r\n	04.Lockcase Option:M06 or M10<br />\r\n	05.Door Thickness:35mm-60mm<br />\r\n	06.Unlock Mode:Card Key&amp;Mechanical Key<br />\r\n	07.Keycard Option:Mifare Card<br />\r\n	08.Working Voltage:DC6V or 4 AA Alkaline Batteries<br />\r\n	09.Static Load:&lt;20ua<br />\r\n	10.Dynamic Load:100~150ma</p>\r\n<p>\r\n	<img alt=\"\" src=\"/UploadFiles/images/RfMifare/E4031%20LCD%20LOCK.jpg\" /></p>\r\n', '2014-11-11 00:00:00', '3848', '0', '1', '49');
INSERT INTO `t_product` VALUES ('214', 'E3091G', 'E3091G', '0.00', '/UploadFiles/images/RfMifare/E3091G.jpg', ' ', '2014-05-13 00:00:00', '429', '0', '0', '49');
INSERT INTO `t_product` VALUES ('215', 'E3333G', 'E3333G', '0.00', '/UploadFiles/images/RfMifare/E3333G.jpg', ' ', '2014-05-13 00:00:00', '330', '0', '0', '49');
INSERT INTO `t_product` VALUES ('216', 'E3033G', 'E3033G', '0.00', '/UploadFiles/images/RfMifare/E3033G.jpg', ' ', '2014-05-13 00:00:00', '318', '0', '0', '49');
INSERT INTO `t_product` VALUES ('217', 'E3333', 'E3333', '0.00', '/UploadFiles/images/RfMifare/E3333.jpg', ' ', '2014-05-13 00:00:00', '292', '0', '0', '49');
INSERT INTO `t_product` VALUES ('218', 'E3033', 'E3033', '0.00', '/UploadFiles/images/RfMifare/E3033.jpg', ' ', '2014-05-13 00:00:00', '285', '0', '0', '49');
INSERT INTO `t_product` VALUES ('219', 'E3190', 'E3190', '0.00', '/UploadFiles/images/RfMifare/E3190.jpg', '<p>\r\n &nbsp;&nbsp;</p>\r\n', '2014-11-11 00:00:00', '448', '0', '0', '49');
INSERT INTO `t_product` VALUES ('327', 'BC-18S', 'BC-18S', '0.00', '/UploadFiles/images/BesideConsole/BC-18S.JPG', '<p>\r\n <img alt=\"\" src=\"/UploadFiles/images/BesideConsole/BC-18S.JPG\" style=\"width: 1600px; height: 620px\" /></p>\r\n', '2015-03-24 00:00:00', '317', '0', '0', '55');
INSERT INTO `t_product` VALUES ('328', 'BC-18G', 'BC-18G', '0.00', '/UploadFiles/images/BesideConsole/BC-18G.jpg', '<p>\r\n <img alt=\"\" src=\"/UploadFiles/images/BesideConsole/BC-18G.jpg\" style=\"width: 1600px; height: 620px\" /></p>\r\n', '2015-03-24 00:00:00', '299', '0', '0', '55');
INSERT INTO `t_product` VALUES ('329', 'AC-19W', 'AC-19W', '0.00', '/UploadFiles/images/BesideConsole/AC-19W.jpg', '<p>\r\n <img alt=\"\" src=\"/UploadFiles/images/BesideConsole/AC-19W.jpg\" style=\"width: 471px; height: 458px\" /></p>\r\n', '2015-03-24 00:00:00', '282', '0', '0', '55');
INSERT INTO `t_product` VALUES ('330', 'AC-19G', 'AC-19G', '0.00', '/UploadFiles/images/BesideConsole/AC-19G.jpg', '<p>\r\n <img alt=\"\" src=\"/UploadFiles/images/BesideConsole/AC-19G.jpg\" style=\"width: 489px; height: 489px\" /></p>\r\n', '2015-03-24 00:00:00', '274', '0', '0', '55');
INSERT INTO `t_product` VALUES ('331', 'AC-19B', 'AC-19B', '0.00', '/UploadFiles/images/BesideConsole/AC-19B.jpg', '<p>\r\n <img alt=\"\" src=\"/UploadFiles/images/BesideConsole/AC-19B.jpg\" style=\"width: 471px; height: 458px\" /></p>\r\n', '2015-03-24 00:00:00', '331', '0', '0', '55');
INSERT INTO `t_product` VALUES ('221', 'E3090', 'E3090', '0.00', '/UploadFiles/images/RfMifare/E3090.jpg', '<p>\r\n &nbsp;&nbsp;&nbsp;</p>\r\n', '2014-11-11 00:00:00', '448', '0', '0', '49');
INSERT INTO `t_product` VALUES ('298', 'E3041', 'E3041', '0.00', '/UploadFiles/images/RfMifare/E3041.jpg', ' ', '2014-05-12 00:00:00', '6959', '0', '1', '49');
INSERT INTO `t_product` VALUES ('301', 'E3161P', 'E3161P', '0.00', '/UploadFiles/images/RfMifare/E3161P.jpg', ' ', '2014-05-12 00:00:00', '3293', '0', '1', '49');
INSERT INTO `t_product` VALUES ('302', 'E3061P', 'E3061P', '0.00', '/UploadFiles/images/RfMifare/E3061P.jpg', ' ', '2014-05-12 00:00:00', '4478', '0', '1', '49');
INSERT INTO `t_product` VALUES ('304', 'S3063P', 'S3063P', '0.00', '/UploadFiles/images/RfMifare/S3063P.jpg', ' ', '2014-05-12 00:00:00', '1074', '0', '0', '49');
INSERT INTO `t_product` VALUES ('305', 'S3162P', 'S3162P', '0.00', '/UploadFiles/images/RfMifare/S3162P.jpg', ' ', '2014-05-12 00:00:00', '3134', '0', '1', '49');
INSERT INTO `t_product` VALUES ('306', 'S3062P', 'S3062P', '0.00', '/UploadFiles/images/RfMifare/S3062P.jpg', ' ', '2014-05-12 00:00:00', '3625', '0', '1', '49');
INSERT INTO `t_product` VALUES ('307', 'S3172H', 'S3172H', '0.00', '/UploadFiles/images/RfMifare/S3172H.jpg', ' ', '2014-05-12 00:00:00', '3273', '0', '1', '49');
INSERT INTO `t_product` VALUES ('308', 'S3072H', 'S3072H', '0.00', '/UploadFiles/images/RfMifare/S3072H.jpg', ' ', '2014-05-12 00:00:00', '3908', '0', '1', '49');
INSERT INTO `t_product` VALUES ('309', 'S3132', 'S3132', '0.00', '/UploadFiles/images/RfMifare/S3132.jpg', ' ', '2014-05-12 00:00:00', '3628', '0', '1', '49');
INSERT INTO `t_product` VALUES ('310', 'S3032', 'S3032', '0.00', '/UploadFiles/images/RfMifare/S3032.jpg', ' ', '2014-05-12 00:00:00', '4377', '0', '1', '49');
INSERT INTO `t_product` VALUES ('314', 'MB-25/30/40BA', 'MB-25/30/40BA', '0.00', '/UploadFiles/images/HotelMinibar/MB-40BA.jpg', '<p>\r\n &nbsp;</p>\r\n<table border=\"1\" cellpadding=\"0\" cellspacing=\"0\">\r\n <tbody>\r\n  <tr>\r\n   <td style=\"width: 181px\">\r\n    <p align=\"left\">\r\n     Storage Temperature(C)</p>\r\n   </td>\r\n   <td style=\"width: 48px\">\r\n    <p align=\"left\">\r\n     0 ~ 12</p>\r\n   </td>\r\n  </tr>\r\n  <tr>\r\n   <td style=\"width: 181px\">\r\n    <p align=\"left\">\r\n     Input Power(W)</p>\r\n   </td>\r\n   <td style=\"width: 48px\">\r\n    <p align=\"left\">\r\n     65</p>\r\n   </td>\r\n  </tr>\r\n  <tr>\r\n   <td style=\"width: 181px\">\r\n    <p align=\"left\">\r\n     Energy Consumption(kwh/24h)</p>\r\n   </td>\r\n   <td style=\"width: 48px\">\r\n    <p align=\"left\">\r\n     0.9</p>\r\n   </td>\r\n  </tr>\r\n  <tr>\r\n   <td style=\"width: 181px\">\r\n    <p align=\"left\">\r\n     Validity Capacity(L)</p>\r\n   </td>\r\n   <td style=\"width: 48px\">\r\n    <p align=\"left\">\r\n     25/30/40</p>\r\n   </td>\r\n  </tr>\r\n  <tr>\r\n   <td style=\"width: 181px\">\r\n    <p align=\"left\">\r\n     Voltage(V)</p>\r\n   </td>\r\n   <td style=\"width: 48px\">\r\n    <p align=\"left\">\r\n     AC220</p>\r\n   </td>\r\n  </tr>\r\n  <tr>\r\n   <td style=\"width: 181px\">\r\n    <p align=\"left\">\r\n     Key mounted</p>\r\n   </td>\r\n   <td style=\"width: 48px\">\r\n    <p align=\"left\">\r\n     Yes</p>\r\n   </td>\r\n  </tr>\r\n  <tr>\r\n   <td style=\"width: 181px\">\r\n    <p align=\"left\">\r\n     Light inside</p>\r\n   </td>\r\n   <td style=\"width: 48px\">\r\n    <p align=\"left\">\r\n     Yes</p>\r\n   </td>\r\n  </tr>\r\n </tbody>\r\n</table>\r\n<p>\r\n &nbsp;</p>\r\n', '2014-05-14 00:00:00', '999', '0', '0', '53');
INSERT INTO `t_product` VALUES ('315', 'E3161P', 'E3161P', '0.00', '/UploadFiles/images/ElectronicApartmentLock/E3161P.jpg', ' ', '2014-05-12 00:00:00', '682', '0', '0', '66');
INSERT INTO `t_product` VALUES ('316', 'E3061P', 'E3061P', '0.00', '/UploadFiles/images/ElectronicApartmentLock/E3061P.jpg', ' ', '2014-05-12 00:00:00', '1508', '0', '0', '66');
INSERT INTO `t_product` VALUES ('313', 'MB-25/30/40BB', 'MB-25/30/40BB', '0.00', '/UploadFiles/images/HotelMinibar/MB-40BB.jpg', '<p>\r\n &nbsp;</p>\r\n<table border=\"1\" cellpadding=\"0\" cellspacing=\"0\">\r\n <tbody>\r\n  <tr>\r\n   <td style=\"width: 181px\">\r\n    <p align=\"left\">\r\n     Storage Temperature(C)</p>\r\n   </td>\r\n   <td style=\"width: 48px\">\r\n    <p align=\"left\">\r\n     0 ~ 12</p>\r\n   </td>\r\n  </tr>\r\n  <tr>\r\n   <td style=\"width: 181px\">\r\n    <p align=\"left\">\r\n     Input Power(W)</p>\r\n   </td>\r\n   <td style=\"width: 48px\">\r\n    <p align=\"left\">\r\n     65</p>\r\n   </td>\r\n  </tr>\r\n  <tr>\r\n   <td style=\"width: 181px\">\r\n    <p align=\"left\">\r\n     Energy Consumption(kwh/24h)</p>\r\n   </td>\r\n   <td style=\"width: 48px\">\r\n    <p align=\"left\">\r\n     0.9</p>\r\n   </td>\r\n  </tr>\r\n  <tr>\r\n   <td style=\"width: 181px\">\r\n    <p align=\"left\">\r\n     Validity Capacity(L)</p>\r\n   </td>\r\n   <td style=\"width: 48px\">\r\n    <p align=\"left\">\r\n     25/30/40</p>\r\n   </td>\r\n  </tr>\r\n  <tr>\r\n   <td style=\"width: 181px\">\r\n    <p align=\"left\">\r\n     Voltage(V)</p>\r\n   </td>\r\n   <td style=\"width: 48px\">\r\n    <p align=\"left\">\r\n     AC220</p>\r\n   </td>\r\n  </tr>\r\n  <tr>\r\n   <td style=\"width: 181px\">\r\n    <p align=\"left\">\r\n     Key mounted</p>\r\n   </td>\r\n   <td style=\"width: 48px\">\r\n    <p align=\"left\">\r\n     Yes</p>\r\n   </td>\r\n  </tr>\r\n  <tr>\r\n   <td style=\"width: 181px\">\r\n    <p align=\"left\">\r\n     Light inside</p>\r\n   </td>\r\n   <td style=\"width: 48px\">\r\n    <p align=\"left\">\r\n     Yes</p>\r\n   </td>\r\n  </tr>\r\n </tbody>\r\n</table>\r\n<p>\r\n &nbsp;</p>\r\n', '2014-05-14 00:00:00', '1027', '0', '0', '53');
INSERT INTO `t_product` VALUES ('266', 'DS-90', 'DS-90', '0.00', '/UploadFiles/images/TouchScreenSwitch/DS-90.jpg', ' ', '2014-04-22 16:52:08', '806', '0', '0', '56');
INSERT INTO `t_product` VALUES ('267', 'Mifare Card Switch', 'ESS-40', '0.00', '/UploadFiles/images/EnergySavingSwitch/ESS-40.jpg', '<p>\r\n Size:86mm*86mm<br />\r\n AC 100V-150V,180V/250V<br />\r\n 30A<br />\r\n Mifare&nbsp;Card Type<br />\r\n Name card can not get power</p>\r\n', '2014-05-15 00:00:00', '1383', '0', '0', '79');
INSERT INTO `t_product` VALUES ('268', 'Temic Card Switch', 'ESS-30', '0.00', '/UploadFiles/images/EnergySavingSwitch/ESS-30.jpg', '<p>\r\n Size:86mm*86mm<br />\r\n AC 100V-150V,180V/250V<br />\r\n 30A<br />\r\n Temic&nbsp;Card Type<br />\r\n Name&nbsp;card can not get power</p>\r\n', '2014-05-15 00:00:00', '757', '0', '0', '80');
INSERT INTO `t_product` VALUES ('269', 'Magnetic Card Switch', 'ESS-11', '0.00', '/UploadFiles/images/EnergySavingSwitch/ESS-11.jpg', '<p>\r\n Size:86mm*86mm<br />\r\n AC 100V-150V,180V/250V<br />\r\n 30A<br />\r\n Magnetic Card Type<br />\r\n Name card can not get power</p>\r\n', '2014-05-15 00:00:00', '781', '0', '0', '83');
INSERT INTO `t_product` VALUES ('270', 'IC Card Switch', 'ESS-10', '0.00', '/UploadFiles/images/EnergySavingSwitch/ESS-10.jpg', '<p>\r\n Size:86mm*86mm<br />\r\n AC 100V-150V,180V/250V<br />\r\n 30A<br />\r\n IC&nbsp;Card Type<br />\r\n Name card can not get power</p>\r\n', '2014-05-15 00:00:00', '700', '0', '0', '82');
INSERT INTO `t_product` VALUES ('273', 'Wireless Portable Programmer', 'OBT-PP01', '0.00', '/UploadFiles/images/Encoder/OBT-PP01.jpg', '<p>\r\n &nbsp;&nbsp;</p>\r\n', '2014-05-15 00:00:00', '863', '0', '0', '59');
INSERT INTO `t_product` VALUES ('324', 'General Switch', 'ESS-00', '0.00', '/UploadFiles/images/EnergySavingSwitch/ESS-00.jpg', '<p>\r\n Size:86mm*86mm<br />\r\n AC 100V-150V,180V/250V<br />\r\n 30A<br />\r\n General Type</p>\r\n', '2014-05-15 00:00:00', '784', '0', '0', '81');
INSERT INTO `t_product` VALUES ('274', 'DS108', 'DS108', '0.00', '/UploadFiles/images/DoorStopper/DS108.jpg', ' ', '2014-04-29 14:06:15', '504', '0', '0', '61');
INSERT INTO `t_product` VALUES ('275', 'DS213', 'DS213', '0.00', '/UploadFiles/images/DoorStopper/DS213.jpg', ' ', '2014-04-29 14:07:22', '482', '0', '0', '61');
INSERT INTO `t_product` VALUES ('276', 'DS218', 'DS218', '0.00', '/UploadFiles/images/DoorStopper/DS218.jpg', ' ', '2014-04-29 14:08:26', '481', '0', '0', '61');
INSERT INTO `t_product` VALUES ('277', 'DS2011RG', 'DS2011RG', '0.00', '/UploadFiles/images/DoorStopper/DS2011RG.jpg', ' ', '2014-04-29 14:09:36', '469', '0', '0', '61');
INSERT INTO `t_product` VALUES ('278', 'DS2203', 'DS2203', '0.00', '/UploadFiles/images/DoorStopper/DS2203.jpg', ' ', '2014-04-29 14:10:56', '529', '0', '0', '61');
INSERT INTO `t_product` VALUES ('280', 'CEU', 'CEU', '0.00', '/UploadFiles/images/HotelDigitalSafe/CEU.jpg', ' ', '2014-04-29 15:21:24', '834', '0', '0', '52');
INSERT INTO `t_product` VALUES ('297', 'E3141', 'E3141', '0.00', '/UploadFiles/images/RfMifare/E3141.jpg', ' ', '2014-05-12 00:00:00', '3062', '0', '1', '49');
INSERT INTO `t_product` VALUES ('281', 'B-302', 'B-302', '0.00', '/UploadFiles/images/BathroomLock/B-302.jpg', ' ', '2014-05-08 00:00:00', '483', '0', '0', '65');
INSERT INTO `t_product` VALUES ('282', 'B-311', 'B-311', '0.00', '/UploadFiles/images/BathroomLock/B-311.jpg', ' ', '2014-05-08 00:00:00', '484', '0', '0', '65');
INSERT INTO `t_product` VALUES ('283', 'B-301', 'B-301', '0.00', '/UploadFiles/images/BathroomLock/B-301.jpg', ' ', '2014-05-08 00:00:00', '570', '0', '0', '65');
INSERT INTO `t_product` VALUES ('303', 'S3163P', 'S3163P', '0.00', '/UploadFiles/images/RfMifare/S3163P.jpg', ' ', '2014-05-12 00:00:00', '964', '0', '0', '49');

-- ----------------------------
-- Table structure for t_productclass
-- ----------------------------
DROP TABLE IF EXISTS `t_productclass`;
CREATE TABLE `t_productclass` (
  `pc_id` int(10) unsigned NOT NULL AUTO_INCREMENT,
  `pc_name` varchar(50) NOT NULL,
  `parent_id` int(11) DEFAULT NULL,
  `pc_order` int(11) NOT NULL,
  PRIMARY KEY (`pc_id`)
) ENGINE=MyISAM AUTO_INCREMENT=84 DEFAULT CHARSET=utf8;

-- ----------------------------
-- Records of t_productclass
-- ----------------------------
INSERT INTO `t_productclass` VALUES ('55', 'Bedside Console', null, '6');
INSERT INTO `t_productclass` VALUES ('49', 'Hotel RFID Lock', null, '1');
INSERT INTO `t_productclass` VALUES ('51', 'Elevator Controlling System', null, '2');
INSERT INTO `t_productclass` VALUES ('52', 'Hotel Room Safe', null, '3');
INSERT INTO `t_productclass` VALUES ('53', 'Hotel Minibar', null, '4');
INSERT INTO `t_productclass` VALUES ('54', 'Energy Saving Switch', null, '5');
INSERT INTO `t_productclass` VALUES ('56', 'Touch Screen Switch & Door Signage', null, '7');
INSERT INTO `t_productclass` VALUES ('57', 'Guest Room Accessories', null, '8');
INSERT INTO `t_productclass` VALUES ('58', 'Card Key', '57', '1');
INSERT INTO `t_productclass` VALUES ('59', 'Encoder', '57', '2');
INSERT INTO `t_productclass` VALUES ('71', 'Lockcase', '57', '5');
INSERT INTO `t_productclass` VALUES ('61', 'Door Stopper', '57', '3');
INSERT INTO `t_productclass` VALUES ('62', 'Door Closer', '57', '4');
INSERT INTO `t_productclass` VALUES ('63', 'Hotel Phone', null, '9');
INSERT INTO `t_productclass` VALUES ('64', 'Cabinet Lock', null, '10');
INSERT INTO `t_productclass` VALUES ('65', 'Bathroom Lock', null, '11');
INSERT INTO `t_productclass` VALUES ('66', 'Electronic Apartment Lock', null, '12');
INSERT INTO `t_productclass` VALUES ('83', 'Magnetic Type', '54', '5');
INSERT INTO `t_productclass` VALUES ('82', 'IC Type', '54', '4');
INSERT INTO `t_productclass` VALUES ('81', 'General Type', '54', '3');
INSERT INTO `t_productclass` VALUES ('80', 'Temic Type', '54', '2');
INSERT INTO `t_productclass` VALUES ('79', 'Mifare Type', '54', '1');

-- ----------------------------
-- Table structure for t_users
-- ----------------------------
DROP TABLE IF EXISTS `t_users`;
CREATE TABLE `t_users` (
  `uid` int(10) unsigned NOT NULL AUTO_INCREMENT,
  `username` varchar(50) NOT NULL,
  `password` varchar(50) NOT NULL,
  `joindate` datetime NOT NULL,
  `login_ip` varchar(50) DEFAULT NULL,
  `login_date` datetime DEFAULT NULL,
  PRIMARY KEY (`uid`)
) ENGINE=MyISAM AUTO_INCREMENT=9 DEFAULT CHARSET=utf8;

-- ----------------------------
-- Records of t_users
-- ----------------------------
INSERT INTO `t_users` VALUES ('1', 'Admin', 'orbita2015', '2009-04-13 20:54:15', '183.25.211.19', '2015-09-16 00:00:00');
INSERT INTO `t_users` VALUES ('6', 'joshua', '123456', '2013-01-14 10:29:29', '183.15.109.218', '2013-12-10 18:06:46');
